Contract,Price,Currency
F.US.QPG20,545.5,USD
F.US.QPH20,547.25,USD
F.US.QPJ20,546.75,USD
F.US.QPK20,545,USD
F.US.QPM20,543.25,USD
F.US.QPN20,542.75,USD
F.US.QPQ20,542.75,USD
F.US.QPU20,542.75,USD
F.US.QPV20,543.25,USD
F.US.QPX20,541.5,USD
F.US.QPZ20,539.25,USD
F.US.QPF21,539,USD
F.US.QPG21,538.5,USD
F.US.QPH21,537.5,USD
F.US.QPJ21,536.25,USD
F.US.QPK21,535,USD
F.US.QPM21,533.75,USD
F.US.QPN21,533,USD
F.US.QPQ21,532.25,USD
F.US.QPU21,531.75,USD
F.US.QPV21,531.75,USD
F.US.QPX21,530,USD
F.US.QPZ21,528.25,USD
F.US.QPF22,528.25,USD
F.US.QPG22,527.75,USD
F.US.QPH22,527.75,USD
F.US.QPJ22,527.75,USD
F.US.QPK22,527.75,USD
F.US.QPM22,527.75,USD
F.US.QPN22,527.75,USD
F.US.QPQ22,527.75,USD
F.US.QPU22,527.75,USD
F.US.QPV22,527.75,USD
F.US.QPX22,527.75,USD
F.US.QPZ22,527.5,USD
F.US.QPF23,528.25,USD
F.US.QPG23,529,USD
F.US.QPH23,529.5,USD
F.US.QPJ23,530,USD
F.US.QPK23,530.5,USD
F.US.QPM23,531.25,USD
F.US.QPN23,531.5,USD
F.US.QPQ23,531.75,USD
F.US.QPU23,532,USD
F.US.QPV23,532,USD
F.US.QPX23,532,USD
F.US.QPZ23,531.75,USD
F.US.QPF24,532.25,USD
F.US.QPG24,532.5,USD
F.US.QPH24,532.75,USD
F.US.QPJ24,533,USD
F.US.QPK24,533.25,USD
F.US.QPM24,533.5,USD
F.US.QPN24,534,USD
F.US.QPQ24,534.5,USD
F.US.QPU24,535,USD
F.US.QPV24,535.5,USD
F.US.QPX24,536,USD
F.US.QPZ24,536.5,USD
F.US.QPF25,537,USD
F.US.QPG25,537.5,USD
F.US.QPH25,538,USD
F.US.QPJ25,538.5,USD
F.US.QPK25,539,USD
F.US.QPM25,539.5,USD
F.US.QPN25,540,USD
F.US.QPQ25,540.5,USD
F.US.QPU25,541,USD
F.US.QPV25,541.5,USD
F.US.QPX25,542,USD
F.US.QPZ25,542.5,USD
F.US.QPF26,543,USD
F.US.QPG26,543.25,USD
F.US.QPH26,543.5,USD
F.US.QPJ26,543.75,USD
F.US.QPK26,544,USD
F.US.QPM26,544.5,USD
F.US.QPN26,545,USD
F.US.QPQ26,545.25,USD
F.US.QPU26,545.5,USD
F.US.QPV26,545.75,USD
F.US.QPX26,546,USD
F.US.QPZ26,546.25,USD
F.US.QPF27,545.75,USD
F.US.QPG27,546,USD
X.US.QOC5,546.25,USD
F.US.QOH20,62.04,USD
F.US.QOJ20,61.28,USD
F.US.QOK20,60.61,USD
F.US.QOM20,59.99,USD
F.US.QON20,59.35,USD
F.US.QOQ20,58.87,USD
F.US.QOU20,58.51,USD
F.US.QOV20,58.14,USD
F.US.QOX20,57.86,USD
F.US.QOZ20,57.61,USD
F.US.QOF21,57.39,USD
F.US.QOG21,57.21,USD
F.US.QOH21,57.05,USD
F.US.QOJ21,56.9,USD
F.US.QOK21,56.74,USD
F.US.QOM21,56.58,USD
F.US.QON21,56.44,USD
F.US.QOQ21,56.29,USD
F.US.QOU21,56.17,USD
F.US.QOV21,56.05,USD
F.US.QOX21,55.92,USD
F.US.QOZ21,55.79,USD
F.US.QOF22,55.69,USD
F.US.QOG22,55.61,USD
F.US.QOH22,55.53,USD
F.US.QOJ22,55.45,USD
F.US.QOK22,55.38,USD
F.US.QOM22,55.32,USD
F.US.QON22,55.27,USD
F.US.QOQ22,55.24,USD
F.US.QOU22,55.22,USD
F.US.QOV22,55.2,USD
F.US.QOX22,55.18,USD
F.US.QOZ22,55.15,USD
F.US.QOF23,55.16,USD
F.US.QOG23,55.17,USD
F.US.QOH23,55.18,USD
F.US.QOJ23,55.19,USD
F.US.QOK23,55.2,USD
F.US.QOM23,55.22,USD
F.US.QON23,55.23,USD
F.US.QOQ23,55.24,USD
F.US.QOU23,55.25,USD
F.US.QOV23,55.26,USD
F.US.QOX23,55.27,USD
F.US.QOZ23,55.28,USD
F.US.QOF24,55.35,USD
F.US.QOG24,55.42,USD
F.US.QOH24,55.48,USD
F.US.QOJ24,55.53,USD
F.US.QOK24,55.59,USD
F.US.QOM24,55.65,USD
F.US.QON24,55.7,USD
F.US.QOQ24,55.76,USD
F.US.QOU24,55.82,USD
F.US.QOV24,55.87,USD
F.US.QOX24,55.93,USD
F.US.QOZ24,55.99,USD
F.US.QOF25,56.04,USD
F.US.QOG25,56.1,USD
F.US.QOH25,56.16,USD
F.US.QOJ25,56.22,USD
F.US.QOK25,56.28,USD
F.US.QOM25,56.34,USD
F.US.QON25,56.39,USD
F.US.QOQ25,56.45,USD
F.US.QOU25,56.51,USD
F.US.QOV25,56.57,USD
F.US.QOX25,56.63,USD
F.US.QOZ25,56.69,USD
F.US.QOF26,56.74,USD
F.US.QOG26,56.79,USD
F.US.QOH26,56.83,USD
F.US.QOJ26,56.88,USD
F.US.QOK26,56.93,USD
F.US.QOM26,56.97,USD
F.US.QON26,57.01,USD
F.US.QOQ26,57.05,USD
F.US.QOU26,57.09,USD
F.US.QOV26,57.13,USD
F.US.QOX26,57.17,USD
F.US.QOZ26,57.21,USD
F.US.QOF27,57.26,USD
F.US.QOG27,57.31,USD
F.US.QOH27,57.36,USD
F.US.QOJ27,57.41,USD
F.US.QOK27,57.46,USD
F.US.QOM27,57.51,USD
F.US.QON27,57.56,USD
F.US.QOQ27,57.61,USD
F.US.QOU27,57.66,USD
F.US.QOV27,57.71,USD
F.US.QOX27,57.75,USD
F.US.QOZ27,57.79,USD
F.US.QOF28,57.82,USD
F.US.QOG28,57.84,USD
F.US.QOH28,57.86,USD
F.US.QOJ28,57.88,USD
F.US.QOK28,57.9,USD
F.US.QOM28,57.92,USD
F.US.QON28,57.94,USD
F.US.QOQ28,57.96,USD
F.US.QOU28,57.98,USD
F.US.QOV28,58,USD
F.US.QOX28,58.02,USD
F.US.QOZ28,58.04,USD
F.US.QOF29,57.94,USD
F.US.QOG29,57.96,USD
F.US.QOH29,57.98,USD
F.US.QOJ29,58,USD
F.US.QOK29,58.02,USD
F.US.QOM29,58.04,USD
