id,contracts,price,currency,close_date,contract_id
1,F.US.GLEM20,111.75,USD,4/2/2020,0
2,F.US.GLEQ20,109.75,USD,4/2/2020,0
3,F.US.GLEV20,112.975,USD,4/2/2020,0
4,F.US.GLEM20,110.825,USD,5/2/2020,0
5,F.US.GLEV20,112.45,USD,5/2/2020,0
6,F.US.GLEV20,113.1,USD,7/2/2020,0
7,F.US.GLEM20,111.275,USD,7/2/2020,0
8,F.US.GFU20,149.475,USD,7/2/2020,0
9,F.US.HEQ20,147.875,USD,7/2/2020,0
10,F.US.GFU20,148.35,USD,10/2/2020,0
11,F.US.GFQ20,146.775,USD,10/2/2020,0
12,F.US.GFU20,148.35,USD,7/2/2020,0
13,F.US.HEQ20,146.775,USD,7/2/2020,0
