name,contract,price,long_short,differ1,sell1,buy1,
Akshay Thakur,GF May20,148.68,B,0,0,0,
Akshay Thakur,GF May20-Aug20 Calendar,-5.98,B,0,0,0,
Akshay Thakur,LE Aug20,116.35,B,0,0,0,
Akshay Thakur,LE Aug20-Oct20 Calendar,-2.48,B,0,0,0,
Akshay Thakur,LE Oct20,118.83,S,0,0,0,
SRanu,GF Apr20,146.8,B,0,0,0,
SRanu,GF Apr20 May20 Aug20 Butterfly,4.05,B,0,0,0,
SRanu,GF Aug20,154.65,B,0,0,0,
SRanu,GF May20,148.7,S,0,0,0,
ARB01292,F.US.GFF20,143.08,B,-868.02,0,868.02,
ARB01292,F.US.GFF20,142.98,S,575.11,575.11,0,
CQT,GLEL1M20,4.93,B,-4.93,0,4.93,
RCT,GLES1M20,1.95,S,1.95,1.95,0,
Sinia Global / Krati Seth,F.US.GFJ20,146.2,B,-146.2,0,146.2,
Sinia Global / Krati Seth,F.US.GFQ20,154.68,B,-154.68,0,154.68,
Sinia Global / Krati Seth,F.US.GFQ20,154.48,S,463.46,463.46,0,
Sinia Global / Krati Seth,F.US.GFU20,155.8,B,-311.65,0,311.65,
Sinia Global / Krati Seth,F.US.GFU20,155.93,S,155.93,155.93,0,
Sinia Global / Krati Seth,F.US.GLEQ20,115.8,S,115.8,115.8,0,
STC,HES7G20,-1.18,B,1.18,0,-1.18,
STC,HES7G20,-1.08,S,-1.08,-1.08,0,
STC,LE Aug20,-2.6,B,2.6,0,-2.6,
STC,LE Oct20,-2.5,S,-2.5,-2.5,0,
TTA,GLES1Z20,-2.5,B,2.5,0,-2.5,
TTA,GLES1Z20,-2.6,S,-2.6,-2.6,0,
,,,,,,,
,,,,,,,
,,,,,,,
,,,,,,,
name,contract,price,long_short,differ1,sell1,buy1,
STC,HES7G20,-1.18,B,1.18,0,-1.18,
STC,HES7G20,-1.08,S,-1.08,-1.08,0,
STC,LE Aug20,-2.6,B,2.6,0,-2.6,
STC,LE Oct20,-2.5,S,-2.5,-2.5,0,
